age_bracket,customer_count,transaction_count,total_standard_cost,average_transaction_amount,maximum_transaction_amount,minimum_transaction_amount,customer_count_percentage,transaction_count_percentage,total_standard_cost_percentage,top_product_id
18-30,630,3161,1764931.69,558.345995,1759.85,7.21,16.1125,15.9622,16.028226,0
31-40,663,3216,1770598.76,550.559316,1759.85,7.21,16.9565,16.2400,16.079691,0
41-50,1330,6692,3705440.51,553.711971,1759.85,7.21,34.0153,33.7929,33.650955,0
51-60,701,3423,1927958.74,563.236559,1759.85,7.21,17.9284,17.2853,17.508756,0
71+,586,2854,1582398.73,554.449450,1759.85,7.21,14.9872,14.4120,14.370553,0
