brand,transaction_count,customer_count,total_standard_cost,average_standard_cost,max_standard_cost,min_standard_cost,transaction_count_percentage,customer_count_percentage,total_standard_cost_percentage
"Giant Bicycles",3312,2178,2517828.28,760.213853,1759.85,173.18,16.7247,62.3354,22.865655
"Norco Bicycles",2910,1946,1789735.36,615.029333,1479.11,206.35,14.6947,55.6955,16.253480
"OHM Cycles",3043,2017,1510381.51,496.346208,1610.90,7.21,15.3664,57.7275,13.716528
Solex,4253,2477,2082726.03,489.707508,1516.13,53.62,21.4765,70.8930,18.914275
"Trek Bicycles",2990,2018,1701538.16,569.076308,1580.47,154.40,15.0987,57.7562,15.452517
WeareA2B,3295,2155,1409188.44,427.674792,1259.36,13.44,16.6389,61.6772,12.797544
